{"cameraMode":{"drawMode":0,"name":"Shaded","section":"Shading Mode"},"sceneLighting":false,"audioPlay":false,"sceneViewState":{"m_AlwaysRefresh":false,"showFog":true,"showSkybox":false,"showFlares":true,"showImageEffects":true,"showParticleSystems":true,"showVisualEffectGraphs":true,"m_FxEnabled":true},"in2DMode":false,"pivot":{"x":-0.0000016763806343078614,"y":-0.03867422789335251,"z":-0.02171439677476883},"rotation":{"x":-0.06830992549657822,"y":0.9085842967033386,"z":-0.16421742737293244,"w":-0.3779454231262207},"size":0.0785740539431572,"orthographic":false}