{"cameraMode":{"drawMode":0,"name":"Shaded","section":"Shading Mode"},"sceneLighting":true,"audioPlay":false,"sceneViewState":{"m_AlwaysRefresh":false,"showFog":true,"showSkybox":true,"showFlares":true,"showImageEffects":true,"showParticleSystems":true,"showVisualEffectGraphs":true,"m_FxEnabled":true},"in2DMode":false,"pivot":{"x":1.9899983406066895,"y":1.4113259315490723,"z":4.358285427093506},"rotation":{"x":-0.06830992549657822,"y":0.9085842967033386,"z":-0.16421742737293244,"w":-0.3779454231262207},"size":0.12125876545906067,"orthographic":false}